Portfolio,Date,Ticker,Action,Shares,Price,Commission,Currency
Morgan Stanley,2019-09-30,MA,Buy,19.0,265.29,0.0,
Degiro,2020-03-12,VUSA.L,Buy,1.0,44.39,0.0,EUR
Degiro,2020-04-01,CASH,Fees,0.13,,,EUR
Degiro,2020-04-09,CASH,Fees,0.03,,,USD
Degiro,2020-04-10,CASH,Withdraw,0.26,,,USD
Degiro,2020-04-10,CASH,Deposit,0.23,,,EUR
Degiro,2020-05-01,CASH,Fees,0.01,,,EUR
Degiro,2020-05-15,CASH,Deposit,308.45,,,USD
Degiro,2020-05-15,SE,Buy,5.0,61.69,0.0,USD
Degiro,2020-05-15,CASH,Fees,0.02,,,EUR
Degiro,2020-05-15,CASH,Withdraw,285.62,,,EUR
Degiro,2020-05-15,CASH,Fees,0.5,,,EUR
Degiro,2020-05-29,CASH,Fees,0.15,,,EUR
Degiro,2020-05-29,CASH,Fees,4.0,,,EUR
Degiro,2020-05-29,AIR.PA,Buy,5.0,59.379999999999995,0.0,EUR
Degiro,2020-06-01,CASH,Fees,0.5,,,EUR
Degiro,2020-06-01,CASH,Fees,2.5,,,EUR
Degiro,2020-06-01,CASH,Fees,0.02,,,EUR
Degiro,2020-06-01,SE,Buy,5.0,81.47999999999999,0.0,USD
Degiro,2020-06-01,CASH,Fees,0.5,,,EUR
Degiro,2020-06-01,CASH,Fees,0.5,,,EUR
Degiro,2020-06-01,OXY,Buy,8.0,13.21,0.0,USD
Degiro,2020-06-01,CASH,Deposit,407.4,,,USD
Degiro,2020-06-01,CASH,Withdraw,366.87,,,EUR
Degiro,2020-06-01,CASH,Fees,0.04,,,EUR
Degiro,2020-06-01,CASH,Fees,2.5,,,EUR
Degiro,2020-06-01,XYZ,Buy,10.0,81.65,0.0,USD
Degiro,2020-06-01,CASH,Withdraw,735.2,,,EUR
Degiro,2020-06-01,CASH,Fees,0.03,,,EUR
Degiro,2020-06-01,CASH,Deposit,816.5,,,USD
Degiro,2020-06-01,CASH,Withdraw,95.12,,,EUR
Degiro,2020-06-01,CASH,Deposit,105.68,,,USD
Degiro,2020-06-01,CASH,Fees,2.36,,,EUR
Degiro,2020-06-18,CASH,Fees,0.17,,,EUR
Degiro,2020-06-18,CASH,Fees,4.0,,,EUR
Degiro,2020-06-18,AIR.PA,Sell,5.0,68.96000000000001,0.0,EUR
Degiro,2020-06-19,CASH,Withdraw,316.46,,,EUR
Degiro,2020-06-19,CASH,Fees,0.5,,,EUR
Degiro,2020-06-19,LVGO,Buy,5.0,71.0,0.0,USD
Degiro,2020-06-19,CASH,Deposit,355.0,,,USD
Degiro,2020-06-19,CASH,Fees,0.02,,,EUR
Degiro,2020-06-25,CASH,Fees,0.02,,,USD
Degiro,2020-06-26,CASH,Withdraw,0.18,,,USD
Degiro,2020-06-26,CASH,Deposit,0.16,,,EUR
Degiro,2020-07-01,CASH,Fees,2.5,,,EUR
Degiro,2020-07-08,CASH,Fees,0.5,,,EUR
Degiro,2020-07-08,CASH,Fees,0.01,,,EUR
Degiro,2020-07-08,CASH,Deposit,282.0,,,USD
Degiro,2020-07-08,CASH,Withdraw,249.19,,,EUR
Degiro,2020-07-08,CASH,Fees,0.5,,,EUR
Degiro,2020-07-08,LVGO,Buy,3.0,94.0,0.0,USD
Degiro,2020-07-08,CASH,Fees,0.01,,,EUR
Degiro,2020-07-08,CASH,Withdraw,335.49,,,EUR
Degiro,2020-07-08,CASH,Deposit,380.0,,,USD
Degiro,2020-07-08,LVGO,Buy,4.0,95.0,0.0,USD
Degiro,2020-07-16,CASH,Fees,0.01,,,USD
Degiro,2020-07-17,CASH,Deposit,661.68,,,USD
Degiro,2020-07-17,CASH,Fees,0.01,,,EUR
Degiro,2020-07-17,CASH,Withdraw,579.02,,,EUR
Degiro,2020-07-17,LVGO,Buy,3.0,105.39999999999999,0.0,USD
Degiro,2020-07-17,CASH,Fees,0.02,,,EUR
Degiro,2020-07-17,CASH,Fees,0.5,,,EUR
Degiro,2020-07-17,CASH,Withdraw,0.05,,,USD
Degiro,2020-07-17,SE,Buy,6.0,110.27999999999999,0.0,USD
Degiro,2020-07-17,CASH,Fees,0.5,,,EUR
Degiro,2020-07-17,CASH,Deposit,0.04,,,EUR
Degiro,2020-07-17,CASH,Withdraw,276.75,,,EUR
Degiro,2020-07-17,CASH,Deposit,316.2,,,USD
Degiro,2020-07-27,DAO,Buy,20.0,38.769999999999996,0.0,USD
Degiro,2020-07-27,CASH,Fees,0.5,,,EUR
Degiro,2020-07-27,CASH,Withdraw,660.63,,,EUR
Degiro,2020-07-27,CASH,Fees,0.07,,,EUR
Degiro,2020-07-27,LVGO,Buy,10.0,110.175,0.0,USD
Degiro,2020-07-27,CASH,Deposit,775.4,,,USD
Degiro,2020-07-27,CASH,Fees,0.5,,,EUR
Degiro,2020-07-27,CASH,Fees,0.03,,,EUR
Degiro,2020-07-27,CASH,Deposit,1101.75,,,USD
Degiro,2020-07-27,CASH,Withdraw,936.45,,,EUR
Degiro,2020-07-29,CASH,Fees,0.5,,,EUR
Degiro,2020-07-29,SE,Buy,4.0,117.0,0.0,USD
Degiro,2020-07-29,CASH,Deposit,1188.88,,,USD
Degiro,2020-07-29,CASH,Withdraw,398.73,,,EUR
Degiro,2020-07-29,FSLY,Buy,14.0,84.92,0.0,USD
Degiro,2020-07-29,CASH,Deposit,468.0,,,USD
Degiro,2020-07-29,CASH,Withdraw,1009.9,,,EUR
Degiro,2020-07-29,CASH,Fees,0.5,,,EUR
Degiro,2020-07-29,CASH,Fees,0.01,,,EUR
Degiro,2020-07-29,CASH,Fees,0.05,,,EUR
Trading212,2020-08-03,CASH,Deposit,1.0,,,USD
Trading212,2020-08-03,CASH,Deposit,1.0,,,USD
Trading212,2020-08-03,CASH,Deposit,1.0,,,USD
Trading212,2020-08-03,AAPL,Buy,3.0,433.26,0.0,USD
Trading212,2020-08-03,AAPL,Buy,5.0,434.47,0.0,USD
Trading212,2020-08-03,CASH,Deposit,2300.0,,,USD
Trading212,2020-08-03,AAPL,Sell,3.0,436.61,0.0,USD
Trading212,2020-08-04,CASH,Deposit,10.0,,,USD
Trading212,2020-08-04,CASH,Withdraw,100.0,,,USD
Degiro,2020-08-05,LVGO,Sell,25.0,142.19,0.0,USD
Degiro,2020-08-05,CASH,Fees,0.5,,,EUR
Degiro,2020-08-05,CASH,Withdraw,3554.75,,,USD
Degiro,2020-08-05,CASH,Fees,0.08,,,EUR
Degiro,2020-08-05,CASH,Deposit,2988.47,,,EUR
Degiro,2020-08-06,CASH,Withdraw,1129.8,,,EUR
Degiro,2020-08-06,CASH,Fees,0.5,,,EUR
Degiro,2020-08-06,CASH,Fees,0.5,,,EUR
Degiro,2020-08-06,CASH,Fees,0.5,,,EUR
Degiro,2020-08-06,CASH,Deposit,1336.8,,,USD
Degiro,2020-08-06,CASH,Deposit,690.0,,,USD
Degiro,2020-08-06,CASH,Fees,0.03,,,EUR
Degiro,2020-08-06,CASH,Withdraw,198.11,,,EUR
Degiro,2020-08-06,DAO,Buy,5.0,47.0,0.0,USD
Degiro,2020-08-06,ETSY,Buy,10.0,133.68,0.0,USD
Trading212,2020-08-06,CASH,Deposit,450.0,,,USD
Degiro,2020-08-06,CASH,Fees,0.02,,,EUR
Degiro,2020-08-06,SE,Buy,5.0,138.0,0.0,USD
Degiro,2020-08-06,CASH,Deposit,235.0,,,USD
Degiro,2020-08-06,CASH,Withdraw,580.8,,,EUR
Degiro,2020-08-06,CASH,Fees,0.02,,,EUR
Degiro,2020-08-07,CASH,Withdraw,327.05,,,USD
Trading212,2020-08-07,CASH,Deposit,100.0,,,USD
Trading212,2020-08-07,AAPL,Buy,5.0,446.33,0.0,USD
Degiro,2020-08-07,BRK-B,Buy,6.0,207.51,0.0,USD
Degiro,2020-08-07,CASH,Withdraw,879.11,,,EUR
Degiro,2020-08-07,CASH,Withdraw,655.0,,,USD
Degiro,2020-08-07,CASH,Withdraw,1058.61,,,EUR
Degiro,2020-08-07,VRM,Sell,10.0,65.5,0.0,USD
Degiro,2020-08-07,CASH,Fees,0.02,,,EUR
Degiro,2020-08-07,VRM,Sell,5.0,65.41,0.0,USD
Degiro,2020-08-07,CASH,Fees,0.5,,,EUR
Degiro,2020-08-07,CASH,Deposit,277.54,,,EUR
Degiro,2020-08-07,CASH,Deposit,555.85,,,EUR
Trading212,2020-08-07,CASH,Deposit,100.0,,,USD
Trading212,2020-08-07,AAPL,Sell,5.0,444.19,0.0,USD
Degiro,2020-08-07,CASH,Fees,0.05,,,EUR
Degiro,2020-08-07,CASH,Fees,0.02,,,EUR
Degiro,2020-08-07,CASH,Fees,0.5,,,EUR
Degiro,2020-08-07,VRM,Buy,15.0,68.9,0.0,USD
Degiro,2020-08-07,CASH,Fees,0.5,,,EUR
Degiro,2020-08-07,CASH,Deposit,1033.5,,,USD
Degiro,2020-08-07,CASH,Deposit,1245.06,,,USD
Degiro,2020-08-07,CASH,Fees,0.03,,,EUR
Trading212,2020-08-09,CASH,Deposit,100.0,,,USD
Trading212,2020-08-09,CASH,Deposit,100.0,,,USD
Trading212,2020-08-09,CASH,Deposit,100.0,,,USD
Trading212,2020-08-10,CASH,Deposit,500.0,,,USD
Trading212,2020-08-11,AAPL,Sell,5.0,437.46,0.0,USD
Trading212,2020-08-12,AAPL,Buy,3.0,445.11,0.0,USD
Trading212,2020-08-12,ALG,Buy,5.0,112.38,0.0,USD
Trading212,2020-08-12,STNE,Buy,5.0,49.26,0.0,USD
Trading212,2020-08-12,CASH,Deposit,1100.0,,,USD
Trading212,2020-08-13,ALG,Sell,5.0,110.55,0.0,USD
Trading212,2020-08-13,AAPL,Buy,1.0,458.88,0.0,USD
Trading212,2020-08-14,CASH,Taxes,0.62,,,USD
Trading212,2020-08-17,AAPL,Buy,1.0,464.27,0.0,USD
Trading212,2020-08-17,GRWG,Buy,20.0,14.75,0.0,USD
Trading212,2020-08-18,CASH,Deposit,900.0,,,USD
Trading212,2020-08-18,GRWG,Buy,30.0,17.69,0.0,USD
Trading212,2020-08-18,CRWD,Buy,8.0,107.21,0.0,USD
Trading212,2020-08-18,CASH,Deposit,100.0,,,USD
Degiro,2020-08-21,CASH,Withdraw,2.9,,,USD
Degiro,2020-08-21,CASH,Deposit,85.41,,,USD
Degiro,2020-08-21,CASH,Fees,0.5,,,EUR
Degiro,2020-08-21,CASH,Withdraw,104.92,,,USD
Degiro,2020-08-21,CASH,Deposit,2.46,,,EUR
Degiro,2020-08-21,CASH,Fees,0.5,,,EUR
Degiro,2020-08-21,CASH,Fees,0.03,,,EUR
Degiro,2020-08-21,CASH,Deposit,88.92,,,EUR
Degiro,2020-08-21,OXY,Sell,8.0,13.115,0.0,USD
Degiro,2020-08-21,FSLY,Buy,1.0,85.41,0.0,USD
Degiro,2020-08-21,CASH,Withdraw,72.55,,,EUR
Degiro,2020-08-21,CASH,Fees,0.5,,,EUR
Trading212,2020-08-24,GRWG,Sell,40.0,13.68,0.0,USD
Trading212,2020-08-24,STNE,Sell,5.0,50.66,0.0,USD
Trading212,2020-08-26,CASH,Withdraw,100.0,,,USD
Trading212,2020-08-26,CRWD,Buy,6.0,116.09,0.0,USD
Trading212,2020-08-26,META,Buy,5.0,297.54,0.0,USD
Trading212,2020-08-28,CASH,Withdraw,94.0,,,USD
Trading212,2020-08-28,CASH,Deposit,188.0,,,USD
Degiro,2020-08-28,CASH,Deposit,50.0,,,EUR
Degiro,2020-08-31,CASH,Fees,0.5,,,EUR
Degiro,2020-08-31,CASH,Withdraw,732.85,,,EUR
Degiro,2020-08-31,CASH,Fees,0.5,,,EUR
Degiro,2020-08-31,CASH,Withdraw,534.47,,,EUR
Degiro,2020-08-31,CASH,Deposit,460.35,,,USD
Degiro,2020-08-31,XYZ,Buy,4.0,159.26,0.0,USD
Degiro,2020-08-31,BRK-B,Buy,4.0,218.41,0.0,USD
Degiro,2020-08-31,CASH,Fees,0.01,,,EUR
Degiro,2020-08-31,CASH,Fees,0.01,,,EUR
Degiro,2020-08-31,CASH,Fees,0.02,,,EUR
Degiro,2020-08-31,FSLY,Buy,5.0,92.07000000000001,0.0,USD
Degiro,2020-08-31,SE,Buy,5.0,153.2,0.0,USD
Degiro,2020-08-31,CASH,Fees,0.5,,,EUR
Degiro,2020-08-31,CASH,Withdraw,386.13,,,EUR
Degiro,2020-08-31,CASH,Deposit,873.64,,,USD
Degiro,2020-08-31,CASH,Deposit,2300.0,,,EUR
Degiro,2020-08-31,CASH,Fees,0.5,,,EUR
Degiro,2020-08-31,CASH,Deposit,766.0,,,USD
Degiro,2020-08-31,CASH,Fees,0.02,,,EUR
Degiro,2020-08-31,CASH,Deposit,637.04,,,USD
Degiro,2020-08-31,CASH,Withdraw,642.72,,,EUR
Degiro,2020-09-01,CASH,Withdraw,2176.3,,,USD
Degiro,2020-09-01,CASH,Fees,0.03,,,EUR
Degiro,2020-09-01,BRK-B,Sell,10.0,217.63000000000002,0.0,USD
Degiro,2020-09-01,CASH,Withdraw,1874.63,,,EUR
Degiro,2020-09-01,CASH,Deposit,2238.32,,,USD
Degiro,2020-09-01,CASH,Fees,0.5,,,EUR
Degiro,2020-09-01,TWLO,Buy,8.0,279.79,0.0,USD
Degiro,2020-09-01,CASH,Deposit,1819.2,,,EUR
Degiro,2020-09-01,CASH,Fees,0.5,,,EUR
Degiro,2020-09-01,CASH,Fees,0.03,,,EUR
Trading212,2020-09-02,CRWD,Buy,1.0,145.4,0.0,USD
Trading212,2020-09-03,CASH,Deposit,25.0,,,USD
Trading212,2020-09-03,CASH,Deposit,10.0,,,USD
Degiro,2020-09-08,CASH,Withdraw,0.62,,,EUR
Degiro,2020-09-08,CASH,Deposit,0.74,,,USD
Trading212,2020-09-10,CASH,Deposit,100.0,,,USD
Degiro,2020-09-15,CASH,Deposit,500.0,,,EUR
Trading212,2020-09-18,CASH,Deposit,25.0,,,USD
Trading212,2020-09-22,CASH,Deposit,240.0,,,USD
Trading212,2020-09-28,CASH,Deposit,1000.0,,,USD
Degiro,2020-10-07,CASH,Fees,0.03,,,USD
Degiro,2020-10-08,CASH,Withdraw,0.22,,,USD
Degiro,2020-10-08,CASH,Deposit,0.18,,,EUR
Trading212,2020-10-12,CASH,Deposit,2000.0,,,USD
Trading212,2020-10-12,CASH,Deposit,1000.0,,,USD
Degiro,2020-10-13,CASH,Deposit,228.12,,,USD
Degiro,2020-10-13,NET,Buy,4.0,57.03,0.0,USD
Degiro,2020-10-13,CASH,Fees,0.01,,,EUR
Degiro,2020-10-13,CASH,Withdraw,194.27,,,EUR
Trading212,2020-10-13,SNOW,Buy,2.0,249.48,0.0,USD
Degiro,2020-10-13,CASH,Fees,0.5,,,EUR
Degiro,2020-10-21,CASH,Fees,0.56,,,USD
Degiro,2020-10-21,CASH,Fees,0.29,,,USD
Degiro,2020-10-22,CASH,Withdraw,0.71,,,EUR
Degiro,2020-10-22,CASH,Deposit,0.85,,,USD
Degiro,2020-10-22,CASH,Fees,0.5,,,EUR
Degiro,2020-10-22,CASH,Fees,0.02,,,EUR
Degiro,2020-10-22,CASH,Deposit,335.88,,,USD
Degiro,2020-10-22,CASH,Withdraw,284.54,,,EUR
Degiro,2020-10-22,NET,Buy,6.0,55.98,0.0,USD
Degiro,2020-10-23,CASH,Withdraw,32.56,,,EUR
Degiro,2020-10-23,PLTR,Buy,4.0,9.64,0.0,USD
Degiro,2020-10-23,CASH,Fees,0.01,,,EUR
Degiro,2020-10-23,CASH,Deposit,38.56,,,USD
Degiro,2020-10-23,CASH,Fees,0.5,,,EUR
Trading212,2020-10-23,U,Buy,5.0,97.25,0.0,USD
Trading212,2020-10-26,CASH,Deposit,1200.0,,,USD
Trading212,2020-10-30,BABA,Buy,1.0,304.52,0.0,USD
Trading212,2020-10-30,TDOC,Sell,3.0,197.09,0.0,USD
Trading212,2020-10-30,NVDA,Buy,1.0,500.11,0.0,USD
Trading212,2020-10-30,SNOW,Buy,2.0,246.4,0.0,USD
Trading212,2020-10-30,CRWD,Buy,3.0,124.46,0.0,USD
Trading212,2020-10-30,BABA,Buy,1.0,304.85,0.0,USD
Trading212,2020-10-30,TDOC,Buy,5.0,200.54,0.0,USD
Trading212,2020-10-30,TDOC,Buy,1.0,194.31,0.0,USD
Trading212,2020-11-01,CASH,Deposit,1000.0,,,USD
Trading212,2020-11-10,TDOC,Buy,2.0,171.99,0.0,USD
Trading212,2020-11-10,CRWD,Buy,2.0,125.21,0.0,USD
Trading212,2020-11-10,NVDA,Buy,1.0,508.67,0.0,USD
Trading212,2020-11-10,SNOW,Buy,1.0,235.92,0.0,USD
Trading212,2020-11-10,BABA,Buy,1.0,265.82,0.0,USD
Trading212,2020-11-10,U,Sell,5.0,102.28,0.0,USD
Trading212,2020-11-16,UBER,Buy,15.0,49.57,0.0,USD
Trading212,2020-11-16,TDOC,Sell,4.0,176.49,0.0,USD
Trading212,2020-11-17,CASH,Taxes,0.62,,,USD
Trading212,2020-11-21,CASH,Deposit,3000.0,,,USD
Trading212,2020-11-27,PLTR,Sell,10.0,28.61,0.0,USD
Trading212,2020-11-27,PLTR,Buy,15.0,32.74,0.0,USD
Trading212,2020-11-27,PINS,Buy,10.0,67.58,0.0,USD
Trading212,2020-12-02,CASH,Withdraw,3000.0,,,USD
Degiro,2020-12-04,FSLY,Sell,20.0,88.7,0.0,USD
Degiro,2020-12-04,CASH,Fees,0.07,,,EUR
Degiro,2020-12-04,CASH,Deposit,1461.99,,,EUR
Trading212,2020-12-04,CASH,Deposit,500.0,,,USD
Degiro,2020-12-04,CASH,Fees,0.5,,,EUR
Degiro,2020-12-04,CASH,Withdraw,1774.0,,,USD
Trading212,2020-12-14,FUBO,Buy,15.0,27.49,0.0,USD
Trading212,2020-12-14,DKNG,Buy,10.0,50.85,0.0,USD
Trading212,2020-12-14,SNOW,Sell,5.0,337.13,0.0,USD
Trading212,2020-12-14,OZON,Buy,15.0,41.95,0.0,USD
Trading212,2020-12-14,AMD,Buy,6.0,92.86,0.0,USD
Degiro,2020-12-15,CASH,Withdraw,104.34,,,USD
Degiro,2020-12-15,CASH,Withdraw,466.9,,,EUR
Degiro,2020-12-15,CASH,Fees,0.05,,,EUR
Degiro,2020-12-15,CASH,Fees,0.03,,,EUR
Degiro,2020-12-15,CASH,Deposit,567.0,,,USD
Trading212,2020-12-15,BABA,Sell,1.0,253.7,0.0,USD
Trading212,2020-12-15,TDOC,Sell,1.0,194.74,0.0,USD
Degiro,2020-12-15,DAO,Sell,15.0,25.6,0.0,USD
Degiro,2020-12-15,CASH,Deposit,1958.0,,,USD
Degiro,2020-12-15,CASH,Deposit,85.75,,,EUR
Degiro,2020-12-15,CASH,Fees,0.5,,,EUR
Degiro,2020-12-15,PLTR,Sell,4.0,26.085,0.0,USD
Trading212,2020-12-15,FUBO,Buy,15.0,26.48,0.0,USD
Degiro,2020-12-15,CASH,Deposit,600.0,,,EUR
Trading212,2020-12-15,STNE,Buy,10.0,79.22,0.0,USD
Degiro,2020-12-15,CASH,Withdraw,384.0,,,USD
Degiro,2020-12-15,TDOC,Buy,10.0,195.8,0.0,USD
Trading212,2020-12-15,PLTR,Sell,5.0,26.26,0.0,USD
Trading212,2020-12-15,GRWG,Buy,7.0,33.72,0.0,USD
Degiro,2020-12-15,CASH,Deposit,315.53,,,EUR
Degiro,2020-12-15,CASH,Fees,0.01,,,EUR
Degiro,2020-12-15,NET,Buy,7.0,81.0,0.0,USD
Degiro,2020-12-15,CASH,Fees,0.5,,,EUR
Degiro,2020-12-15,CASH,Fees,0.5,,,EUR
Degiro,2020-12-15,CASH,Fees,0.5,,,EUR
Degiro,2020-12-15,CASH,Withdraw,1612.07,,,EUR
Degiro,2020-12-15,CASH,Fees,0.02,,,EUR
Degiro,2020-12-16,CASH,Deposit,150.0,,,EUR
Trading212,2020-12-17,FUBO,Buy,5.0,30.28,0.0,USD
Trading212,2020-12-17,GRWG,Buy,3.0,38.1,0.0,USD
Degiro,2020-12-22,CASH,Fees,0.5,,,EUR
Degiro,2020-12-22,CASH,Withdraw,70.79,,,EUR
Trading212,2020-12-22,DKNG,Sell,10.0,51.82,0.0,USD
Degiro,2020-12-22,CASH,Withdraw,90.44,,,EUR
Degiro,2020-12-22,CASH,Deposit,110.0,,,USD
Degiro,2020-12-22,NET,Buy,1.0,86.11,0.0,USD
Degiro,2020-12-22,TRIRF,Buy,10.0,11.0,0.0,USD
Degiro,2020-12-22,CASH,Withdraw,362.51,,,EUR
Trading212,2020-12-22,FUBO,Buy,10.0,55.21,0.0,USD
Degiro,2020-12-22,CASH,Fees,0.5,,,EUR
Trading212,2020-12-22,AMD,Sell,6.0,93.09,0.0,USD
Degiro,2020-12-22,TRIRF,Buy,40.0,11.07,0.0,USD
Degiro,2020-12-22,CASH,Fees,0.13,,,EUR
Degiro,2020-12-22,CASH,Deposit,442.8,,,USD
Trading212,2020-12-22,OZON,Sell,15.0,42.47,0.0,USD
Degiro,2020-12-22,CASH,Deposit,86.11,,,USD
Degiro,2020-12-22,CASH,Fees,0.03,,,EUR
Degiro,2020-12-22,CASH,Fees,0.5,,,EUR
Trading212,2020-12-24,FUBO,Sell,15.0,44.31,0.0,USD
Trading212,2020-12-28,GOOGLCL.SN,Buy,1.0,1776.99,0.0,USD
Trading212,2020-12-28,FUBO,Sell,30.0,40.2,0.0,USD
Degiro,2020-12-30,CASH,Fees,0.16,,,EUR
Degiro,2020-12-30,TRIRF,Sell,50.0,11.6,0.0,USD
Degiro,2020-12-30,CASH,Deposit,471.38,,,EUR
Degiro,2020-12-30,CASH,Fees,0.5,,,EUR
Degiro,2020-12-30,CASH,Withdraw,580.0,,,USD
Crypto,2020-12-31,ETH-USD,Buy,1.0,737.8,0.0,
Trading212,2020-12-31,CASH,Taxes,0.05,,,USD
Degiro,2020-12-31,CASH,Fees,0.02,,,USD
Degiro,2021-01-01,CASH,Deposit,0.15,,,EUR
Degiro,2021-01-01,CASH,Withdraw,0.19,,,USD
Trading212,2021-01-04,UBER,Sell,15.0,50.93,0.0,USD
Trading212,2021-01-05,FUBO,Buy,24.0,27.79,0.0,USD
Trading212,2021-01-05,FUBO,Sell,24.0,26.91,0.0,USD
Trading212,2021-01-07,CASH,Withdraw,1000.0,,,USD
Trading212,2021-01-12,FUBO,Buy,15.0,34.98,0.0,USD
Degiro,2021-01-19,ADYEN.AS,Buy,1.0,1784.0,0.0,EUR
Degiro,2021-01-19,CASH,Fees,0.89,,,EUR
Degiro,2021-01-19,CASH,Deposit,2600.0,,,EUR
Degiro,2021-01-19,CASH,Fees,4.0,,,EUR
Trading212,2021-01-20,PGNY,Buy,5.0,49.49,0.0,USD
Trading212,2021-01-20,OPEN,Buy,5.0,29.8,0.0,USD
Trading212,2021-01-20,CURI,Buy,5.0,20.29,0.0,USD
Trading212,2021-01-21,CASH,Deposit,1500.0,,,USD
Degiro,2021-01-22,CASH,Withdraw,930.63,,,EUR
Degiro,2021-01-22,CASH,Fees,0.02,,,EUR
Degiro,2021-01-22,CASH,Fees,0.5,,,EUR
Degiro,2021-01-22,CRM,Buy,5.0,226.26999999999998,0.0,USD
Trading212,2021-01-22,OPEN,Buy,15.0,29.26,0.0,USD
Degiro,2021-01-22,CASH,Deposit,1131.35,,,USD
Trading212,2021-01-27,FUBO,Sell,5.0,50.68,0.0,USD
Trading212,2021-01-29,BB.TO,Buy,5.0,15.7,0.0,USD
Trading212,2021-01-29,BB.TO,Sell,5.0,15.17,0.0,USD
Trading212,2021-01-29,AMC,Sell,20.0,13.14,0.0,USD
Trading212,2021-01-29,AMC,Buy,20.0,13.06,0.0,USD
Degiro,2021-01-31,CASH,Fees,2.5,,,EUR
Degiro,2021-01-31,CASH,Fees,2.5,,,EUR
Degiro,2021-01-31,CASH,Fees,2.5,,,EUR
Trading212,2021-02-02,SKLZ,Buy,10.0,28.98,0.0,USD
Trading212,2021-02-05,FUBO,Buy,10.0,48.41,0.0,USD
Trading212,2021-02-11,FUBO,Sell,20.0,43.92,0.0,USD
Trading212,2021-02-11,GRWG,Sell,10.0,54.14,0.0,USD
Degiro,2021-02-16,CASH,Deposit,700.0,,,EUR
Trading212,2021-02-16,MTTR,Buy,40.0,18.33,0.0,USD
Trading212,2021-02-16,MTTR,Buy,30.0,17.57,0.0,USD
Trading212,2021-02-16,MTTR,Sell,40.0,17.48,0.0,USD
Degiro,2021-02-17,CASH,Withdraw,1000.0,,,EUR
Trading212,2021-02-19,CASH,Taxes,1.8599999999999999,,,USD
Degiro,2021-02-19,CASH,Fees,0.03,,,EUR
Trading212,2021-02-19,PLTR,Buy,25.0,28.23,0.0,USD
Trading212,2021-02-19,CASH,Withdraw,6.98,,,USD
Degiro,2021-02-19,CASH,Fees,0.5,,,EUR
Degiro,2021-02-19,CASH,Withdraw,319.85,,,USD
Degiro,2021-02-19,DAO,Sell,10.0,31.985000000000003,0.0,USD
Degiro,2021-02-19,CASH,Deposit,263.47,,,EUR
Degiro,2021-02-22,CASH,Fees,0.5,,,EUR
Degiro,2021-02-22,CASH,Deposit,78.5,,,USD
Degiro,2021-02-22,NET,Buy,1.0,78.5,0.0,USD
Degiro,2021-02-22,CASH,Withdraw,64.66,,,EUR
Trading212,2021-02-23,SKLZ,Sell,10.0,30.85,0.0,USD
Trading212,2021-02-23,PGNY,Sell,5.0,49.51,0.0,USD
Trading212,2021-02-24,GRWG,Sell,10.0,50.86,0.0,USD
Degiro,2021-02-25,CASH,Withdraw,1165.0,,,USD
Degiro,2021-02-25,CASH,Deposit,954.59,,,EUR
Degiro,2021-02-25,CRM,Sell,5.0,233.0,0.0,USD
Degiro,2021-02-25,CASH,Fees,0.5,,,EUR
Degiro,2021-02-25,CASH,Fees,0.02,,,EUR
Trading212,2021-03-01,RIOT,Buy,7.0,52.65,0.0,USD
Trading212,2021-03-01,SKLZ,Buy,10.0,34.7,0.0,USD
Degiro,2021-03-04,CASH,Fees,0.03,,,EUR
Degiro,2021-03-04,CASH,Deposit,2249.24,,,EUR
Trading212,2021-03-04,OPEN,Sell,20.0,26.87,0.0,USD
Degiro,2021-03-04,CASH,Withdraw,2697.28,,,USD
Trading212,2021-03-04,PINS,Sell,10.0,72.14,0.0,USD
Degiro,2021-03-04,CASH,Fees,0.5,,,EUR
Degiro,2021-03-04,TWLO,Sell,8.0,337.16,0.0,USD
Trading212,2021-03-04,RIOT,Sell,7.0,46.48,0.0,USD
Degiro,2021-03-05,CASH,Deposit,2149.59,,,USD
Degiro,2021-03-05,CASH,Fees,0.5,,,EUR
Degiro,2021-03-05,V,Buy,10.0,214.959,0.0,USD
Degiro,2021-03-05,CASH,Deposit,213.94,,,USD
Degiro,2021-03-05,CASH,Fees,0.5,,,EUR
Degiro,2021-03-05,CASH,Withdraw,1805.61,,,EUR
Degiro,2021-03-05,XYZ,Buy,1.0,213.94,0.0,USD
Degiro,2021-03-05,CASH,Withdraw,179.73,,,EUR
Degiro,2021-03-05,CASH,Fees,0.03,,,EUR
Degiro,2021-03-09,CASH,Fees,0.5,,,EUR
Degiro,2021-03-09,CASH,Deposit,645.27,,,USD
Trading212,2021-03-09,LCID,Buy,20.0,24.12,0.0,USD
Degiro,2021-03-09,CASH,Withdraw,543.2,,,EUR
Degiro,2021-03-09,TSLA,Buy,1.0,645.27,0.0,USD
Degiro,2021-03-10,VUSA.L,Buy,1.0,61.89,0.0,EUR
Trading212,2021-03-17,LCID,Buy,10.0,30.19,0.0,USD
Trading212,2021-03-25,CASH,Deposit,2982.0,,,USD
Trading212,2021-03-29,CRWD,Sell,10.0,174.05,0.0,USD
Degiro,2021-04-01,CASH,Fees,0.05,,,USD
Trading212,2021-04-02,CASH,Taxes,0.05,,,USD
Degiro,2021-04-02,CASH,Withdraw,0.43,,,USD
Degiro,2021-04-02,CASH,Deposit,0.36,,,EUR
Degiro,2021-04-07,CASH,Fees,0.01,,,EUR
Trading212,2021-04-07,PINS,Buy,3.0,84.23,0.0,USD
Degiro,2021-04-07,CASH,Fees,0.5,,,EUR
Degiro,2021-04-07,CASH,Withdraw,303.56,,,EUR
Degiro,2021-04-07,CASH,Deposit,360.0,,,USD
Trading212,2021-04-07,ATER,Buy,5.0,28.86,0.0,USD
Trading212,2021-04-07,DMTK,Buy,5.0,50.18,0.0,USD
Degiro,2021-04-07,ABNB,Buy,2.0,180.0,0.0,USD
Trading212,2021-04-07,ATER,Buy,10.0,29.11,0.0,USD
Degiro,2021-04-12,CASH,Deposit,651.0,,,USD
Trading212,2021-04-12,PINS,Buy,5.0,82.72,0.0,USD
Degiro,2021-04-12,CASH,Fees,0.01,,,EUR
Degiro,2021-04-12,ETSY,Buy,3.0,217.0,0.0,USD
Trading212,2021-04-12,PLTR,Buy,20.0,23.17,0.0,USD
Degiro,2021-04-12,CASH,Fees,0.5,,,EUR
Degiro,2021-04-12,CASH,Withdraw,546.96,,,EUR
Degiro,2021-04-13,CASH,Deposit,922.9,,,EUR
Degiro,2021-04-13,CASH,Fees,0.5,,,EUR
Degiro,2021-04-13,CASH,Withdraw,1102.03,,,USD
Degiro,2021-04-13,CASH,Fees,0.5,,,EUR
Degiro,2021-04-13,CASH,Fees,0.03,,,EUR
Degiro,2021-04-13,CASH,Fees,0.02,,,EUR
Degiro,2021-04-13,V,Sell,5.0,220.406,0.0,USD
Degiro,2021-04-13,CASH,Withdraw,644.58,,,USD
Degiro,2021-04-13,NET,Sell,9.0,71.62,0.0,USD
Degiro,2021-04-13,CASH,Deposit,539.9,,,EUR
Trading212,2021-04-14,COIN,Sell,1.0,369.01,0.0,USD
Trading212,2021-04-14,COIN,Buy,1.0,395.7,0.0,USD
Degiro,2021-04-15,CASH,Fees,0.5,,,EUR
Trading212,2021-04-15,CRWD,Buy,5.0,214.02,0.0,USD
Degiro,2021-04-15,CASH,Fees,0.5,,,EUR
Degiro,2021-04-15,TWLO,Buy,3.0,390.90000000000003,0.0,USD
Degiro,2021-04-15,CASH,Withdraw,980.27,,,EUR
Degiro,2021-04-15,CASH,Deposit,1172.7,,,USD
Degiro,2021-04-15,ABNB,Sell,2.0,176.0,0.0,USD
Degiro,2021-04-15,CASH,Fees,0.01,,,EUR
Degiro,2021-04-15,CASH,Fees,0.01,,,EUR
Degiro,2021-04-15,CASH,Withdraw,352.0,,,USD
Degiro,2021-04-15,CASH,Deposit,293.73,,,EUR
Trading212,2021-04-16,PINS,Buy,5.0,77.13,0.0,USD
Trading212,2021-04-22,BRK-B,Buy,8.0,270.77,0.0,USD
Trading212,2021-04-28,PINS,Buy,7.0,66.65,0.0,USD
Trading212,2021-05-05,CURI,Sell,5.0,14.1,0.0,USD
Trading212,2021-05-05,SKLZ,Sell,10.0,15.36,0.0,USD
Trading212,2021-05-05,BRK-B,Buy,2.0,283.29,0.0,USD
Trading212,2021-05-05,ATER,Sell,15.0,16.25,0.0,USD
Trading212,2021-05-10,DMTK,Sell,5.0,31.8,0.0,USD
Degiro,2021-05-12,CASH,Fees,0.5,,,EUR
Degiro,2021-05-12,CASH,Deposit,573.24,,,EUR
Degiro,2021-05-12,NET,Sell,10.0,69.3,0.0,USD
Degiro,2021-05-12,CASH,Fees,0.03,,,EUR
Degiro,2021-05-12,CASH,Withdraw,693.0,,,USD
Degiro,2021-05-13,CASH,Withdraw,668.35,,,USD
Degiro,2021-05-13,TDOC,Sell,5.0,133.67000000000002,0.0,USD
Degiro,2021-05-13,CASH,Fees,0.02,,,EUR
Degiro,2021-05-13,CASH,Deposit,553.4,,,EUR
Degiro,2021-05-13,CASH,Fees,0.5,,,EUR
Degiro,2021-05-14,ADYEN.AS,Buy,1.0,1707.0,0.0,EUR
Degiro,2021-05-14,CASH,Fees,4.0,,,EUR
Degiro,2021-05-14,CASH,Fees,0.85,,,EUR
Trading212,2021-05-17,CASH,Taxes,0.66,,,USD
Degiro,2021-06-02,CASH,Withdraw,1.01,,,USD
Trading212,2021-06-02,AMC,Buy,6.0,64.21,0.0,USD
Degiro,2021-06-02,CASH,Fees,0.11,,,USD
Degiro,2021-06-02,CASH,Deposit,0.82,,,EUR
Trading212,2021-06-03,AMC,Sell,6.0,54.42,0.0,USD
Trading212,2021-06-04,PINS,Buy,7.0,63.31,0.0,USD
Trading212,2021-06-07,AMC,Buy,2.0,56.18,0.0,USD
Trading212,2021-06-10,AMC,Sell,2.0,43.71,0.0,USD
Degiro,2021-06-11,VUSA.L,Buy,2.0,66.085,0.0,EUR
Trading212,2021-06-23,BRK-B,Sell,10.0,275.51,0.0,USD
Degiro,2021-07-01,CASH,Fees,0.09,,,USD
Degiro,2021-07-02,CASH,Deposit,0.69,,,EUR
Degiro,2021-07-02,CASH,Withdraw,0.82,,,USD
Trading212,2021-07-05,CASH,Taxes,0.05,,,USD
Trading212,2021-07-07,LCID,Buy,10.0,25.72,0.0,USD
Trading212,2021-07-07,PLTR,Buy,8.0,22.91,0.0,USD
Trading212,2021-07-09,MTTR,Buy,15.0,14.71,0.0,USD
Trading212,2021-07-09,MRVI,Buy,20.0,38.38,0.0,USD
Trading212,2021-08-13,CASH,Taxes,0.66,,,USD
Trading212,2021-08-31,STNE,Sell,10.0,46.68,0.0,USD
Degiro,2021-09-02,CASH,Fees,0.11,,,USD
Degiro,2021-09-03,CASH,Deposit,0.84,,,EUR
Degiro,2021-09-03,CASH,Withdraw,1.01,,,USD
Degiro,2021-09-07,CASH,Withdraw,1781.35,,,USD
Degiro,2021-09-07,SE,Sell,5.0,356.27,0.0,USD
Degiro,2021-09-07,CASH,Fees,0.5,,,EUR
Degiro,2021-09-07,CASH,Fees,0.02,,,EUR
Degiro,2021-09-07,CASH,Deposit,1503.14,,,EUR
Trading212,2021-09-08,MRVI,Sell,20.0,53.7,0.0,USD
Degiro,2021-09-20,CASH,Deposit,2411.12,,,EUR
Degiro,2021-09-20,CASH,Withdraw,2831.08,,,USD
Degiro,2021-09-20,CASH,Fees,0.04,,,EUR
Degiro,2021-09-20,ETSY,Sell,13.0,217.7753846153846,0.0,USD
Degiro,2021-09-20,CASH,Fees,0.5,,,EUR
Trading212,2021-09-24,CASH,Taxes,0.05,,,USD
Degiro,2021-09-30,V,Buy,5.0,223.8,0.0,USD
Degiro,2021-09-30,CASH,Fees,0.02,,,EUR
Degiro,2021-09-30,CASH,Deposit,1119.0,,,USD
Degiro,2021-09-30,CASH,Withdraw,968.71,,,EUR
Degiro,2021-09-30,CASH,Fees,0.1,,,USD
Degiro,2021-09-30,CASH,Fees,0.5,,,EUR
Degiro,2021-10-01,CASH,Withdraw,0.91,,,USD
Degiro,2021-10-01,CASH,Deposit,0.78,,,EUR
Trading212,2021-10-14,META,Buy,3.0,328.4,0.0,USD
Trading212,2021-10-14,PINS,Sell,20.0,52.78,0.0,USD
Degiro,2021-10-21,CASH,Fees,0.53,,,USD
Degiro,2021-10-22,CASH,Withdraw,620.41,,,EUR
Degiro,2021-10-22,CASH,Deposit,0.53,,,USD
Degiro,2021-10-22,PYPL,Buy,3.0,240.5,0.0,USD
Degiro,2021-10-22,CASH,Fees,0.5,,,EUR
Degiro,2021-10-22,CASH,Deposit,721.5,,,USD
Degiro,2021-10-22,CASH,Withdraw,0.45,,,EUR
Degiro,2021-10-22,CASH,Fees,0.01,,,EUR
Trading212,2021-10-25,CASH,Withdraw,1000.0,,,USD
Trading212,2021-10-26,MQ,Buy,20.0,32.1,0.0,USD
Trading212,2021-10-27,PINS,Sell,7.0,45.77,0.0,USD
Degiro,2021-10-28,CASH,Fees,0.5,,,EUR
Degiro,2021-10-28,TWLO,Buy,4.0,286.0,0.0,USD
Degiro,2021-10-28,CASH,Deposit,1144.0,,,USD
Degiro,2021-10-28,CASH,Fees,0.01,,,EUR
Degiro,2021-10-28,CASH,Withdraw,980.18,,,EUR
Trading212,2021-11-01,MTTR,Buy,30.0,25.13,0.0,USD
Trading212,2021-11-09,MQ,Sell,20.0,26.54,0.0,USD
Trading212,2021-11-09,BABA,Sell,2.0,160.62,0.0,USD
Trading212,2021-11-15,CASH,Taxes,0.66,,,USD
Trading212,2021-11-23,META,Sell,8.0,338.74,0.0,USD
Trading212,2021-11-23,LCID,Sell,40.0,51.87,0.0,USD
Trading212,2021-11-23,MTTR,Sell,75.0,26.65,0.0,USD
Trading212,2021-12-01,PLTR,Sell,53.0,19.5,0.0,USD
Degiro,2021-12-01,CASH,Withdraw,554.28,,,USD
Degiro,2021-12-01,CASH,Deposit,488.9,,,EUR
Degiro,2021-12-01,PYPL,Sell,3.0,184.76,0.0,USD
Degiro,2021-12-08,CASH,Fees,0.26,,,USD
Degiro,2021-12-09,CASH,Withdraw,2.36,,,USD
Degiro,2021-12-09,CASH,Deposit,2.07,,,EUR
Degiro,2021-12-13,CASH,Withdraw,3438.75,,,USD
Degiro,2021-12-13,CASH,Withdraw,1728.5,,,USD
Degiro,2021-12-13,SE,Sell,15.0,229.25,0.0,USD
Degiro,2021-12-13,CASH,Withdraw,959.31,,,USD
Degiro,2021-12-13,CASH,Deposit,1529.2,,,EUR
Degiro,2021-12-13,CASH,Deposit,3041.72,,,EUR
Degiro,2021-12-13,CASH,Deposit,848.77,,,EUR
Degiro,2021-12-13,XYZ,Sell,10.0,172.85,0.0,USD
Degiro,2021-12-13,TSLA,Sell,1.0,959.31,0.0,USD
Degiro,2021-12-17,CASH,Deposit,734.91,,,EUR
Degiro,2021-12-17,CASH,Withdraw,830.1,,,USD
Degiro,2021-12-17,CASH,Withdraw,0.68,,,EUR
Degiro,2021-12-17,CASH,Fees,4.0,,,EUR
Degiro,2021-12-17,CASH,Fees,2.15,,,EUR
Degiro,2021-12-17,SE,Sell,10.0,209.89000000000001,0.0,USD
Degiro,2021-12-17,XYZ,Sell,5.0,166.02,0.0,USD
Degiro,2021-12-17,ADYEN.AS,Sell,2.0,2151.0,0.0,EUR
Degiro,2021-12-17,CASH,Withdraw,2098.9,,,USD
Degiro,2021-12-17,CASH,Deposit,1858.04,,,EUR
Degiro,2021-12-17,CASH,Deposit,0.77,,,USD
Trading212,2021-12-24,CASH,Taxes,0.05,,,USD
Degiro,2021-12-27,CASH,Fees,0.5,,,EUR
Trading212,2021-12-27,GLBE,Buy,10.0,61.53,0.0,USD
Degiro,2021-12-27,CASH,Withdraw,1947.47,,,EUR
Degiro,2021-12-27,CASH,Fees,4.4,,,EUR
Degiro,2021-12-27,SE,Buy,10.0,220.0,0.0,USD
Trading212,2021-12-27,DDOG,Buy,5.0,182.19,0.0,USD
Degiro,2021-12-27,CASH,Deposit,2200.0,,,USD
Degiro,2021-12-27,ADYEN.AS,Buy,1.0,2324.0,0.0,EUR
Degiro,2021-12-30,CASH,Fees,0.1,,,USD
Degiro,2021-12-31,CASH,Withdraw,0.85,,,USD
Degiro,2021-12-31,CASH,Deposit,0.74,,,EUR
Degiro,2022-01-06,CASH,Withdraw,1000.0,,,EUR
Trading212,2022-01-12,MTTR,Buy,40.0,15.05,0.0,USD
Trading212,2022-01-14,MTTR,Sell,40.0,13.26,0.0,USD
Trading212,2022-01-14,GLBE,Sell,10.0,42.28,0.0,USD
Degiro,2022-01-24,CASH,Fees,4.4,,,EUR
Trading212,2022-01-24,DDOG,Sell,5.0,120.44,0.0,USD
Trading212,2022-01-24,GOOGLCL.SN,Sell,1.0,2513.29,0.0,USD
Trading212,2022-01-24,AAPL,Sell,20.0,158.17,0.0,USD
Trading212,2022-01-24,NVDA,Sell,8.0,215.22,0.0,USD
Degiro,2022-01-24,CASH,Withdraw,1401.3,,,USD
Degiro,2022-01-24,ADYEN.AS,Sell,1.0,1673.2,0.0,EUR
Degiro,2022-01-24,SE,Sell,10.0,140.13,0.0,USD
Degiro,2022-01-24,CASH,Deposit,1237.32,,,EUR
Degiro,2022-01-24,CASH,Fees,0.5,,,EUR
Trading212,2022-01-24,CRWD,Sell,15.0,152.98,0.0,USD
Trading212,2022-02-01,TOST,Buy,5.0,25.33,0.0,USD
Trading212,2022-02-01,HUBS,Buy,1.0,491.0,0.0,USD
Degiro,2022-02-03,CASH,Fees,0.5,,,EUR
Degiro,2022-02-03,META,Buy,5.0,240.0,0.0,USD
Degiro,2022-02-03,CASH,Fees,2.5,,,EUR
Degiro,2022-02-03,CASH,Deposit,1200.0,,,USD
Degiro,2022-02-03,CASH,Fees,2.5,,,EUR
Degiro,2022-02-03,CASH,Withdraw,1051.76,,,EUR
Degiro,2022-02-14,CASH,Fees,0.5,,,EUR
Degiro,2022-02-14,CASH,Deposit,645.0,,,USD
Trading212,2022-02-14,SE,Sell,5.0,129.82,0.0,USD
Trading212,2022-02-14,SE,Buy,5.0,130.14,0.0,USD
Degiro,2022-02-14,SE,Buy,5.0,129.0,0.0,USD
Degiro,2022-02-14,CASH,Withdraw,572.02,,,EUR
Trading212,2022-02-15,ZI,Buy,5.0,58.97,0.0,USD
Trading212,2022-02-17,CRWD,Buy,5.0,170.09,0.0,USD
Degiro,2022-02-17,CASH,Deposit,1225.0,,,USD
Degiro,2022-02-17,CASH,Fees,0.5,,,EUR
Trading212,2022-02-17,SHOP,Buy,1.0,698.62,0.0,USD
Degiro,2022-02-17,NVDA,Buy,5.0,245.0,0.0,USD
Degiro,2022-02-17,CASH,Withdraw,1080.95,,,EUR
Trading212,2022-02-18,PLTR,Buy,40.0,11.0,0.0,USD
Trading212,2022-02-18,DDOG,Buy,3.0,159.17,0.0,USD
Trading212,2022-02-22,U,Buy,5.0,95.81,0.0,USD
Degiro,2022-02-24,ADYEN.AS,Buy,1.0,1773.8,0.0,EUR
Trading212,2022-02-24,COIN,Buy,3.0,172.61,0.0,USD
Trading212,2022-02-24,SMLR,Buy,7.0,70.64,0.0,USD
Trading212,2022-02-24,TOST,Buy,5.0,18.54,0.0,USD
Trading212,2022-02-24,ABNB,Buy,3.0,151.96,0.0,USD
Degiro,2022-02-24,CASH,Fees,4.4,,,EUR
Degiro,2022-03-02,CASH,Fees,0.26,,,USD
Degiro,2022-03-02,CASH,Fees,2.5,,,EUR
Degiro,2022-03-02,SE,Buy,4.0,118.0,0.0,USD
Degiro,2022-03-02,CASH,Deposit,472.0,,,USD
Degiro,2022-03-02,CASH,Withdraw,425.03,,,EUR
Degiro,2022-03-02,CASH,Fees,0.5,,,EUR
Degiro,2022-03-03,CASH,Deposit,2.11,,,EUR
Degiro,2022-03-03,CASH,Withdraw,2.36,,,USD
Degiro,2022-03-07,CASH,Deposit,420.53,,,EUR
Degiro,2022-03-07,CASH,Withdraw,457.75,,,USD
Degiro,2022-03-07,SE,Sell,5.0,91.55,0.0,USD
Degiro,2022-03-07,CASH,Fees,0.5,,,EUR
Degiro,2022-03-08,CASH,Fees,0.5,,,EUR
Degiro,2022-03-08,CASH,Deposit,576.22,,,EUR
Degiro,2022-03-08,CASH,Withdraw,628.5,,,USD
Degiro,2022-03-08,NVDA,Sell,3.0,209.5,0.0,USD
Trading212,2022-03-09,MTTR,Buy,30.0,7.32,0.0,USD
Trading212,2022-03-18,XYZ,Buy,5.0,142.45,0.0,USD
Degiro,2022-03-18,CASH,Withdraw,742.47,,,EUR
Degiro,2022-03-18,AAPL,Buy,5.0,163.75,0.0,USD
Degiro,2022-03-18,CASH,Fees,0.5,,,EUR
Degiro,2022-03-18,CASH,Deposit,818.75,,,USD
Degiro,2022-03-25,CASH,Fees,0.01,,,USD
Degiro,2022-03-26,CASH,Deposit,0.11,,,EUR
Degiro,2022-03-26,CASH,Withdraw,0.13,,,USD
Degiro,2022-04-02,CASH,Withdraw,1.03,,,USD
Degiro,2022-04-02,CASH,Deposit,0.92,,,EUR
Degiro,2022-04-27,GOOGL,Buy,1.0,2323.0,0.0,USD
Degiro,2022-04-27,CASH,Deposit,2323.0,,,USD
Degiro,2022-04-27,CASH,Fees,0.5,,,EUR
Degiro,2022-04-27,CASH,Withdraw,2203.24,,,EUR
Degiro,2022-04-29,AMZN,Buy,1.0,2479.0,0.0,USD
Degiro,2022-04-29,CASH,Deposit,2479.0,,,USD
Degiro,2022-04-29,CASH,Fees,0.5,,,EUR
Degiro,2022-04-29,CASH,Withdraw,2356.55,,,EUR
Trading212,2022-05-05,COIN,Buy,3.0,115.73,0.0,USD
Trading212,2022-05-05,DDOG,Buy,3.0,111.67,0.0,USD
Trading212,2022-05-06,NET,Buy,8.0,69.32,0.0,USD
Degiro,2022-05-13,CASH,Deposit,0.77,,,EUR
Degiro,2022-05-13,CASH,Withdraw,0.8,,,USD
Trading212,2022-05-18,ZI,Sell,5.0,41.17,0.0,USD
Trading212,2022-05-27,CRWD,Buy,4.0,166.59,0.0,USD
Degiro,2022-06-02,CASH,Fees,0.26,,,USD
Degiro,2022-06-03,CASH,Deposit,2.19,,,EUR
Degiro,2022-06-03,CASH,Withdraw,2.36,,,USD
Trading212,2022-06-10,CRWD,Sell,4.0,167.52,0.0,USD
Degiro,2022-06-10,CASH,Fees,0.5,,,EUR
Degiro,2022-06-10,AMZN,Sell,10.0,109.92,0.0,USD
Trading212,2022-06-10,PLTR,Sell,40.0,8.2,0.0,USD
Trading212,2022-06-10,SMLR,Sell,7.0,30.02,0.0,USD
Degiro,2022-06-10,CASH,Deposit,1041.27,,,EUR
Trading212,2022-06-10,NET,Sell,3.0,47.06,0.0,USD
Trading212,2022-06-10,MTTR,Sell,30.0,4.16,0.0,USD
Degiro,2022-06-10,CASH,Withdraw,1099.2,,,USD
Degiro,2022-07-01,CASH,Deposit,0.97,,,EUR
Degiro,2022-07-01,CASH,Withdraw,1.02,,,USD
Degiro,2022-07-05,CASH,Deposit,0.06,,,EUR
Degiro,2022-07-05,CASH,Withdraw,0.06,,,USD
Trading212,2022-07-20,CRWD,Buy,3.0,185.66,0.0,USD
Trading212,2022-07-20,DDOG,Buy,5.0,101.22,0.0,USD
Trading212,2022-07-20,COIN,Buy,5.0,75.18,0.0,USD
Trading212,2022-07-20,NET,Buy,5.0,55.21,0.0,USD
Degiro,2022-07-27,VWRA.L,Buy,10.0,96.42,0.0,EUR
Degiro,2022-08-01,CASH,Fees,2.5,,,EUR
Degiro,2022-08-12,CASH,Deposit,0.77,,,EUR
Degiro,2022-08-12,CASH,Withdraw,0.8,,,USD
Degiro,2022-08-26,TDOC,Buy,5.0,32.6,0.0,USD
Degiro,2022-08-26,CASH,Fees,0.5,,,EUR
Degiro,2022-08-26,CASH,Fees,0.5,,,EUR
Degiro,2022-08-26,CASH,Deposit,163.0,,,USD
Degiro,2022-08-26,V,Buy,2.0,204.97,0.0,USD
Degiro,2022-08-26,CASH,Deposit,409.94,,,USD
Degiro,2022-08-26,CASH,Withdraw,411.13,,,EUR
Degiro,2022-08-26,CASH,Withdraw,163.49,,,EUR
Degiro,2022-08-29,VUSA.L,Buy,1.0,77.11,0.0,EUR
Degiro,2022-09-01,CASH,Withdraw,416.51,,,EUR
Degiro,2022-09-01,NVDA,Buy,3.0,137.77,0.0,USD
Degiro,2022-09-01,CASH,Deposit,413.31,,,USD
Degiro,2022-09-01,CASH,Fees,1.0,,,EUR
Degiro,2022-09-02,CASH,Fees,0.26,,,USD
Degiro,2022-09-03,CASH,Deposit,2.37,,,EUR
Degiro,2022-09-03,CASH,Withdraw,2.36,,,USD
Trading212,2022-09-22,SNOW,Buy,5.0,179.27,0.0,USD
Trading212,2022-09-22,SNOW,Buy,2.0,172.08,0.0,USD
Degiro,2022-09-29,CASH,Fees,0.13,,,USD
Degiro,2022-09-30,CASH,Deposit,1.21,,,EUR
Degiro,2022-09-30,CASH,Withdraw,1.19,,,USD
Degiro,2022-09-30,CASH,Fees,0.01,,,USD
Degiro,2022-10-01,CASH,Deposit,0.13,,,EUR
Degiro,2022-10-01,CASH,Withdraw,0.13,,,USD
Degiro,2022-10-21,CASH,Fees,0.07,,,USD
Degiro,2022-10-22,CASH,Deposit,0.07,,,USD
Degiro,2022-10-22,CASH,Withdraw,0.07,,,EUR
Degiro,2022-10-26,CASH,Deposit,476.35,,,USD
Degiro,2022-10-26,CASH,Withdraw,148.94,,,EUR
Degiro,2022-10-26,CASH,Fees,1.0,,,EUR
Degiro,2022-10-26,CASH,Withdraw,473.89,,,EUR
Degiro,2022-10-26,CASH,Fees,1.0,,,EUR
Degiro,2022-10-26,CASH,Deposit,149.76,,,USD
Degiro,2022-10-26,TWLO,Buy,2.0,74.88,0.0,USD
Degiro,2022-10-26,GOOGL,Buy,5.0,95.27000000000001,0.0,USD
Trading212,2022-11-04,NET,Buy,8.0,41.25,0.0,USD
Degiro,2022-11-12,CASH,Deposit,0.77,,,EUR
Degiro,2022-11-12,CASH,Withdraw,0.8,,,USD
Degiro,2022-12-02,CASH,Fees,0.38,,,USD
Degiro,2022-12-03,CASH,Withdraw,3.4,,,USD
Degiro,2022-12-03,CASH,Deposit,3.22,,,EUR
Degiro,2022-12-24,CASH,Deposit,0.13,,,EUR
Degiro,2022-12-24,CASH,Withdraw,0.14,,,USD
Degiro,2022-12-29,CASH,Fees,0.13,,,USD
Degiro,2022-12-30,CASH,Withdraw,1.17,,,USD
Degiro,2022-12-30,CASH,Deposit,1.09,,,EUR
Degiro,2023-01-03,CASH,Fees,2.5,,,EUR
Degiro,2023-01-03,CASH,Fees,2.5,,,EUR
Degiro,2023-01-03,CASH,Fees,2.5,,,EUR
Degiro,2023-01-03,CASH,Fees,2.5,,,EUR
Degiro,2023-02-18,CASH,Withdraw,0.8,,,USD
Degiro,2023-02-18,CASH,Deposit,0.75,,,EUR
Degiro,2023-02-20,CASH,Deposit,2000.0,,,EUR
Degiro,2023-03-02,CASH,Fees,0.38,,,USD
Trading212,2023-03-02,SNOW,Buy,5.8771664,136.12,0.0,USD
Degiro,2023-03-03,CASH,Withdraw,3.4,,,USD
Degiro,2023-03-03,CASH,Deposit,3.2,,,EUR
Degiro,2023-03-22,CASH,Deposit,2000.0,,,EUR
Degiro,2023-03-30,CASH,Deposit,1.44,,,EUR
Degiro,2023-03-30,CASH,Withdraw,1.57,,,USD
Degiro,2023-04-14,CASH,Deposit,862.72,,,USD
Trading212,2023-04-14,SNOW,Buy,5.0,139.12,0.0,USD
Trading212,2023-04-14,NET,Buy,5.0,63.41,0.0,USD
Degiro,2023-04-14,CASH,Withdraw,787.12,,,EUR
Degiro,2023-04-14,CASH,Deposit,1097.2,,,USD
Degiro,2023-04-14,CASH,Fees,1.0,,,EUR
Degiro,2023-04-14,CASH,Fees,1.0,,,EUR
Degiro,2023-04-14,META,Buy,5.0,219.44,0.0,USD
Degiro,2023-04-14,CASH,Deposit,1017.49,,,USD
Trading212,2023-04-14,CRWD,Buy,5.0,134.88,0.0,USD
Degiro,2023-04-14,GOOGL,Buy,8.0,107.84,0.0,USD
Degiro,2023-04-14,AMZN,Buy,10.0,101.749,0.0,USD
Degiro,2023-04-14,CASH,Withdraw,928.33,,,EUR
Degiro,2023-04-14,CASH,Withdraw,1001.05,,,EUR
Degiro,2023-04-14,CASH,Fees,1.0,,,EUR
Degiro,2023-04-17,VUSA.L,Buy,10.0,71.524,0.0,EUR
Degiro,2023-04-21,CASH,Deposit,2000.0,,,EUR
Degiro,2023-05-20,CASH,Withdraw,0.84,,,USD
Degiro,2023-05-20,CASH,Deposit,0.78,,,EUR
Degiro,2023-05-24,CASH,Deposit,2000.0,,,EUR
Degiro,2023-06-02,CASH,Fees,0.38,,,USD
Degiro,2023-06-03,CASH,Withdraw,3.4,,,USD
Degiro,2023-06-03,CASH,Deposit,3.17,,,EUR
Degiro,2023-06-26,VUSA.L,Buy,13.0,75.59692307692308,0.0,EUR
Degiro,2023-06-26,CASH,Fees,1.0,,,EUR
Degiro,2023-06-26,VWRA.L,Buy,10.0,99.21000000000001,0.0,EUR
Degiro,2023-06-26,CASH,Fees,1.0,,,EUR
Degiro,2023-06-27,CASH,Deposit,2000.0,,,EUR
Degiro,2023-06-29,CASH,Fees,0.41,,,USD
Degiro,2023-06-30,CASH,Deposit,3.41,,,EUR
Degiro,2023-06-30,CASH,Withdraw,3.71,,,USD
Degiro,2023-07-03,CASH,Fees,0.01,,,USD
Degiro,2023-07-04,CASH,Withdraw,0.13,,,USD
Degiro,2023-07-04,CASH,Deposit,0.12,,,EUR
Degiro,2023-07-06,MELI,Buy,1.0,1210.0,0.0,USD
Degiro,2023-07-06,VUSA.L,Buy,12.0,76.71333333333332,0.0,EUR
Degiro,2023-07-06,VWRA.L,Buy,10.0,99.92,0.0,EUR
Degiro,2023-07-06,CASH,Fees,2.0,,,EUR
Degiro,2023-07-06,CASH,Withdraw,1115.33,,,EUR
Degiro,2023-07-06,CASH,Fees,1.0,,,EUR
Degiro,2023-07-06,CASH,Fees,1.0,,,EUR
Degiro,2023-07-06,CASH,Deposit,1210.0,,,USD
Trading212,2023-07-13,DDOG,Buy,10.0,109.3,0.0,USD
Trading212,2023-07-13,CRWD,Buy,7.0,151.49,0.0,USD
Trading212,2023-07-19,TOST,Buy,25.0,22.64,0.0,USD
Degiro,2023-07-24,CASH,Deposit,2000.0,,,EUR
Degiro,2023-07-25,MELI,Buy,1.0,1198.43,0.0,
Degiro,2023-07-25,MSFT,Buy,5.0,345.11,0.0,
Degiro,2023-07-25,TSLA,Buy,9.0,291.26,0.0,
Trading212,2023-08-08,DDOG,Buy,5.037284,88.19,0.0,USD
Trading212,2023-08-08,DDOG,Buy,2.962716,88.14,0.0,USD
Trading212,2023-08-11,CASH,Deposit,5500.0,,,USD
Trading212,2023-08-11,CASH,Deposit,495.0,,,USD
Degiro,2023-08-18,ADYEN.AS,Buy,2.0,850.0,0.0,EUR
Degiro,2023-08-18,CASH,Fees,4.9,,,EUR
Degiro,2023-08-18,CASH,Withdraw,0.76,,,USD
Degiro,2023-08-18,CASH,Deposit,0.7,,,EUR
Degiro,2023-08-18,CASH,Fees,0.08,,,USD
Degiro,2023-08-21,CASH,Deposit,500.0,,,EUR
Degiro,2023-08-21,CASH,Deposit,2000.0,,,EUR
Degiro,2023-08-31,CASH,Deposit,939.8,,,USD
Degiro,2023-08-31,CASH,Fees,2.0,,,EUR
Degiro,2023-08-31,AAPL,Buy,5.0,187.95999999999998,0.0,USD
Degiro,2023-08-31,CASH,Withdraw,1236.85,,,EUR
Trading212,2023-08-31,CRWD,Buy,5.0,154.2,0.0,USD
Degiro,2023-08-31,CASH,Withdraw,867.39,,,EUR
Degiro,2023-08-31,MELI,Buy,1.0,1340.11,0.0,USD
Degiro,2023-08-31,CASH,Deposit,1340.11,,,USD
Degiro,2023-08-31,CASH,Fees,2.0,,,EUR
Degiro,2023-09-01,CASH,Fees,1.0,,,EUR
Degiro,2023-09-01,VWRA.L,Buy,5.0,102.6,0.0,EUR
Degiro,2023-09-01,CASH,Fees,1.0,,,EUR
Degiro,2023-09-01,VUSA.L,Buy,7.0,78.97,0.0,EUR
Degiro,2023-09-04,CASH,Fees,0.38,,,USD
Degiro,2023-09-05,CASH,Withdraw,3.4,,,USD
Degiro,2023-09-05,CASH,Deposit,3.14,,,EUR
Degiro,2023-09-15,CASH,Fees,0.24,,,USD
Degiro,2023-09-16,CASH,Withdraw,2.14,,,USD
Degiro,2023-09-16,CASH,Deposit,2.0,,,EUR
Degiro,2023-09-25,CASH,Deposit,2000.0,,,EUR
Degiro,2023-09-28,CASH,Fees,1.26,,,USD
Degiro,2023-09-29,CASH,Deposit,10.69,,,EUR
Degiro,2023-09-29,CASH,Fees,0.01,,,USD
Degiro,2023-09-29,CASH,Withdraw,11.32,,,USD
Degiro,2023-09-30,CASH,Deposit,0.12,,,EUR
Degiro,2023-09-30,CASH,Withdraw,0.13,,,USD
Degiro,2023-10-03,VWRA.L,Buy,9.0,100.96,0.0,EUR
Degiro,2023-10-03,VUSA.L,Buy,12.0,77.59666666666666,0.0,EUR
Degiro,2023-10-03,CASH,Fees,1.0,,,EUR
Degiro,2023-10-03,CASH,Fees,1.0,,,EUR
Crypto,2023-10-10,BTC-USD,Buy,0.00094,25.18,0.0,
Degiro,2023-10-12,SE,Buy,10.0,44.989999999999995,0.0,USD
Degiro,2023-10-12,CASH,Fees,2.0,,,EUR
Degiro,2023-10-12,CASH,Deposit,449.9,,,USD
Degiro,2023-10-12,CASH,Withdraw,427.88,,,EUR
Crypto,2023-10-12,BTC-USD,Buy,0.035815,961.25,0.0,
Trading212,2023-10-12,XYZ,Buy,10.0,45.88,0.0,USD
Crypto,2023-10-23,BTC-USD,Buy,0.01514,477.73,0.0,
Degiro,2023-10-23,CASH,Fees,0.05,,,USD
Degiro,2023-10-24,CASH,Deposit,0.05,,,USD
Degiro,2023-10-24,CASH,Withdraw,0.05,,,EUR
Degiro,2023-10-25,CASH,Fees,4.9,,,EUR
Degiro,2023-10-25,ADYEN.AS,Buy,1.0,640.0,0.0,EUR
Degiro,2023-10-27,CASH,Deposit,2000.0,,,EUR
Crypto,2023-10-31,BTC-USD,Buy,0.04141,1432.8,0.0,
Crypto,2023-11-11,BTC-USD,Buy,0.02575,1000.0,0.0,
Degiro,2023-11-13,VWRA.L,Buy,10.0,101.34,0.0,
Trading212,2023-11-22,SOFI,Buy,143.0,7.01,0.0,
Trading212,2023-11-22,XYZ,Buy,15.0,59.28,0.0,
Degiro,2023-12-01,VWRA.L,Buy,9.0,103.5,0.0,
Degiro,2024-01-29,TSLA,Buy,10.0,189.69,0.0,
Degiro,2024-02-08,VWRA.L,Buy,10.0,112.54,0.0,
Trading212,2024-02-13,SHOP,Buy,10.0,81.71,0.0,
Trading212,2024-02-29,SNOW,Buy,5.0,182.6,0.0,
Trading212,2024-02-29,SNOW,Buy,5.0,185.86,0.0,
Degiro,2024-03-19,VWRA.L,Buy,13.0,115.58,0.0,
Degiro,2024-04-16,VUSA.L,Buy,10.0,115.76,0.0,EUR
Degiro,2024-04-16,VWRA.L,Buy,20.0,115.76,0.0,
Trading212,2024-04-29,SOFI,Buy,90.0,7.05,0.0,
Degiro,2024-05-14,VWRA.L,Buy,30.0,118.6,0.0,
Trading212,2024-05-31,SNOW,Buy,10.0,135.22,0.0,
Crypto,2024-06-07,BTC-USD,Buy,0.0145,956.22,0.0,
Degiro,2024-06-07,VWRA.L,Buy,25.0,119.74,0.0,
Crypto,2024-07-02,ETH-USD,Buy,0.2733,958.34,0.0,
Degiro,2024-07-09,VWRA.L,Buy,16.0,123.9,0.0,
Degiro,2024-07-09,VUSA.L,Buy,11.0,97.82,0.0,EUR
Trading212,2024-07-29,SOFI,Buy,100.0,7.31,0.0,
Crypto,2024-07-29,BTC-USD,Buy,0.01532,959.03,0.0,
Trading212,2024-08-02,SOFI,Buy,100.0,6.85,0.0,
Degiro,2024-08-16,VWRA.L,Buy,15.0,121.6,0.0,
Degiro,2024-08-16,VUSA.L,Buy,15.0,95.6,0.0,
Degiro,2024-08-16,VWRA.L,Buy,15.0,121.7,0.0,
Degiro,2024-09-18,SE,Buy,7.0,82.54,0.0,USD
Degiro,2024-09-26,SE,Buy,13.0,94.81,0.0,USD
Trading212,2024-10-10,SOFI,Buy,118.0,8.64,0.0,USD
Trading212,2024-10-10,DDOG,Buy,4.0,129.6,0.0,USD
Degiro,2024-10-10,SE,Buy,18.0,96.0,0.0,USD
Degiro,2024-10-11,VUSA.L,Buy,13.0,100.2,0.0,EUR
Degiro,2025-01-14,MELI,Buy,1.0,1763.2,0.0,
Degiro,2025-01-22,VUSA.L,Buy,10.0,110.608,0.0,
Degiro,2025-01-27,SE,Buy,9.0,116.1,0.0,
Crypto,2025-02-04,BTC-USD,Buy,0.00508,516.0,0.0,
Trading212,2025-02-11,SHOP,Buy,4.0,123.5,0.0,
Degiro,2025-02-12,VWRA.L,Buy,11.0,138.9,0.0,
Degiro,2025-02-14,TSLA,Buy,2.0,352.0,0.0,
Crypto,2025-03-03,BTC-USD,Buy,0.00471943,419.0,0.0,
Degiro,2025-03-10,TSLA,Buy,4.0,238.0,0.0,
Degiro,2025-03-10,AMZN,Buy,5.0,194.5,0.0,
Trading212,2025-03-11,COIN,Buy,4.0,187.5,0.0,
Trading212,2025-03-11,SOFI,Buy,50.0,11.41,0.0,
Trading212,2025-03-11,NET,Buy,6.0,122.21,0.0,
Degiro,2025-03-12,SE,Buy,3.0,131.4,0.0,
Degiro,2025-03-12,TSLA,Buy,2.0,250.0,0.0,
Degiro,2025-03-24,SE,Buy,5.0,128.2,0.0,
Degiro,2025-03-24,VWRA.L,Buy,7.0,129.6,0.0,
Degiro,2025-03-25,AMZN,Buy,8.0,205.7,0.0,
Degiro,2025-04-04,AMZN,Buy,10.0,173.89,0.0,
Degiro,2025-04-29,AMZN,Buy,3.0,186.2,0.0,
Degiro,2025-05-07,GOOGL,Buy,10.0,150.98,0.0,
Trading212,2025-05-27,CASH,Withdraw,1853.0,,,USD
Trading212,2025-05-27,TOST,Buy,25.0,43.07,0.0,
Trading212,2025-05-27,XYZ,Sell,30.0,61.77,0.0,
Trading212,2025-06-06,PLTR,Buy,6.0,124.39,0.0,
Degiro,2025-06-11,MELI,Buy,1.0,2390.0,0.0,
Trading212,2025-06-20,NET,Buy,5.5,179.21,0.0,
Trading212,2025-06-24,NET,Buy,5.5,185.38,0.0,
Crypto,2025-06-26,BTC-USD,Buy,0.00529687,586.0,0.0,
Trading212,2025-07-15,NET,Buy,8.0,184.4,0.0,
Trading212,2025-08-01,SHOP,Buy,10.0,119.6,0.0,
Trader Republic,2025-08-04,AXON,Buy,0.992319,651.0,0.0,EUR
Trading212,2025-08-06,NET,Buy,4.0,213.0,0.0,
Trading212,2025-08-06,DDOG,Buy,7.0,135.2,0.0,
Degiro,2025-08-13,VUSA.L,Sell,118.0,90.3,0.0,
Trading212,2025-08-14,COIN,Buy,3.0,321.37,0.0,
Degiro,2025-08-14,ADYEN.AS,Buy,1.0,1267.0,0.0,
Trading212,2025-08-15,DDOG,Buy,7.0,127.65,0.0,
Trading212,2025-08-15,NET,Buy,4.0,201.93,0.0,
Degiro,2025-08-15,CASH,Withdraw,8000.0,,,EUR
Trading212,2025-08-19,NVO,Buy,35.0,54.3,0.0,USD
Degiro,2025-08-19,AVGO,Buy,10.0,294.92,0.0,USD
Trading212,2025-08-22,NVO,Buy,18.0,57.02,0.0,USD
Trading212,2025-08-22,PLTR,Buy,7.0,157.59,0.0,USD
Trading212,2025-08-29,NET,Buy,2.0,208.13,0.0,USD
Trading212,2025-08-29,DDOG,Buy,6.0,136.56,0.0,USD
Degiro,2025-09-10,SE,Buy,3.0,192.91,0.0,USD
Trading212,2025-09-10,PLTR,Buy,7.0,167.41,0.0,USD
Trading212,2025-09-10,DDOG,Buy,5.0,140.9,0.0,
Degiro,2025-09-11,AVGO,Buy,3.0,359.57,0.0,USD
Degiro,2025-09-16,GOOGL,Buy,5.0,251.67,0.0,
Trading212,2025-09-16,SHOP,Buy,4.0,146.36,0.0,
Degiro,2025-09-16,AVGO,Buy,3.0,358.0,0.0,
Trader Republic,2025-09-18,AMD,Sell,5.0,134.04,0.0,
Trader Republic,2025-09-18,AMD,Buy,5.0,134.04,0.0,
Trader Republic,2025-09-18,AMD,Buy,5.0,134.04,0.0,EUR
Trader Republic,2025-09-18,UBER,Buy,10.0,80.27,0.0,EUR
Trader Republic,2025-09-18,AMD,Sell,5.0,134.0,0.0,
Trader Republic,2025-09-18,AMD,Buy,5.0,134.04,0.0,
Trader Republic,2025-09-19,MU,Buy,5.0,137.34,0.0,EUR
Trader Republic,2025-09-23,VRT,Buy,5.0,121.06,0.0,EUR
Trader Republic,2025-09-24,MU,Buy,3.0,137.84,0.0,EUR
Trader Republic,2025-09-30,VRT,Buy,7.89,126.76,0.0,EUR
Trader Republic,2025-09-30,MU,Buy,7.08,141.1,0.0,EUR
Trader Republic,2025-10-03,VRT,Buy,3.616,138.34,0.0,EUR
Trader Republic,2025-10-08,AMD,Buy,3.928,190.98,0.0,
Trader Republic,2025-10-08,MU,Buy,2.972,168.34,0.0,EUR
Degiro,2025-10-08,GOOGL,Buy,4.0,244.0,0.0,
Trader Republic,2025-10-10,MU,Buy,4.7,156.0,0.0,EUR
Trader Republic,2025-10-14,VRT,Buy,6.0,162.52,0.0,EUR
Trader Republic,2025-10-14,MU,Buy,6.0,162.52,0.0,EUR
Trader Republic,2025-10-20,CRWV,Buy,8.0,109.5,0.0,EUR
Degiro,2025-10-20,NU,Buy,300.0,15.46,0.0,EUR
Degiro,2025-10-20,ADYEN.AS,Sell,3.0,1451.0,0.0,EUR
Degiro,2025-10-28,GOOGL,Buy,3.0,229.64,0.0,EUR
Degiro,2025-10-28,NVDA,Buy,4.0,172.8,0.0,EUR
Trader Republic,2025-10-29,AMD,Buy,1.8,227.8,0.0,EUR
Trader Republic,2025-10-29,MU,Buy,2.56,500.0,0.0,EUR
Trader Republic,2025-10-29,VRT,Buy,2.9,172.04,0.0,EUR
Trading212,2025-10-31,TOST,Sell,60.0,35.41,0.0,USD
Trading212,2025-10-31,HUBS,Sell,1.0,474.0,0.0,USD
Degiro,2025-11-03,GOOGL,Buy,3.0,284.19,0.0,
Degiro,2025-11-03,AMZN,Buy,5.0,254.2,0.0,
Trading212,2025-11-04,PLTR,Buy,5.0,190.28,0.0,
Trading212,2025-11-06,CRWD,Buy,2.0,538.65,0.0,
Degiro,2025-11-06,NVDA,Buy,6.0,190.0,0.0,
Trading212,2025-11-06,SNOW,Buy,3.0,266.9,0.0,
Degiro,2025-11-06,GOOGL,Buy,4.0,285.0,0.0,
Trading212,2025-11-07,SHOP,Buy,6.0,153.14,0.0,
Degiro,2025-11-07,META,Buy,3.0,619.165,0.0,
Degiro,2025-11-07,META,Buy,4.0,618.3,0.0,
Degiro,2025-11-07,NU,Sell,300.0,15.83,0.0,
Degiro,2025-11-07,TDOC,Sell,10.0,7.485,0.0,
Degiro,2025-11-07,SE,Buy,10.0,149.6,0.0,
Crypto,2025-11-21,BTC-USD,Buy,0.01106,958.0,0.0,
Degiro,2025-11-21,MELI,Buy,1.0,1905.94,0.0,
Trading212,2025-11-21,NET,Buy,10.0,182.17,0.0,
Degiro,2025-12-08,SE,Sell,40.0,128.36,0.0,
Degiro,2025-12-10,NU,Buy,80.0,16.695,0.0,USD
Trading212,2025-12-10,SNOW,Buy,3.0,216.15,0.0,
Trading212,2025-12-10,SHOP,Buy,5.0,168.4,0.0,
Trader Republic,2025-12-10,UBER,Buy,20.5,73.1,0.0,
Trader Republic,2025-12-16,MU,Sell,31.42,198.34,0.0,
Degiro,2025-12-22,GOOGL,Buy,4.0,308.815,0.0,
Trader Republic,2025-12-22,CRWV,Buy,10.3,72.6,0.0,EUR
Trader Republic,2025-12-22,VRT,Buy,5.3,141.0,0.0,EUR
Degiro,2025-12-22,AMZN,Buy,5.0,227.96,0.0,
Trader Republic,2026-01-02,AMD,Buy,2.65,188.26,0.0,EUR
Trader Republic,2026-01-02,CRWV,Buy,7.288,68.6,0.0,EUR
Degiro,2026-01-02,AMZN,Buy,4.0,225.76,0.0,
Trader Republic,2026-01-07,CASH,Withdraw,2793.34,,,EUR
Degiro,2026-01-07,AMZN,Buy,5.0,243.59,0.0,USD
Trader Republic,2026-01-12,MU,Buy,3.3,295.25,0.0,EUR
Trader Republic,2026-01-14,NOW,Buy,17.34,115.32,0.0,EUR
Degiro,2026-01-14,NU,Buy,100.0,16.625,0.0,EUR
Trading212,2026-01-14,CRWD,Buy,3.0,459.5,0.0,USD
Trading212,2026-01-14,NET,Buy,3.0,187.81,0.0,USD
Trading212,2026-01-15,ABNB,Sell,3.0,132.56,0.0,USD
Trading212,2026-01-15,NBIS,Buy,20.0,106.88,0.0,USD
Trading212,2026-01-15,U,Sell,5.0,43.9,0.0,USD
Trading212,2026-01-15,DDOG,Sell,42.0,121.32,0.0,USD
Trading212,2026-01-23,NBIS,Buy,11.0,97.7,0.0,USD
Trader Republic,2026-01-23,VRT,Buy,4.86,154.24,0.0,EUR
Degiro,2026-01-23,META,Buy,4.0,661.74,0.0,USD
Trading212,2026-01-23,NET,Buy,6.0,176.67,0.0,USD
Trader Republic,2026-01-23,CRWV,Buy,7.59,79.0,0.0,EUR
Degiro,2026-01-23,MSFT,Buy,2.0,468.7,0.0,USD
Trader Republic,2026-01-28,AXON,Buy,2.0,479.6,0.0,EUR
Degiro,2026-01-29,MSFT,Buy,4.0,425.75,0.0,USD
Degiro,2026-02-04,NU,Buy,75.0,17.05,0.0,USD
Trading212,2026-02-04,CRWD,Buy,3.0,417.08,0.0,USD
Trader Republic,2026-02-06,AMD,Buy,5.0,176.54,0.0,EUR
Trader Republic,2026-02-06,NOW,Buy,11.0,85.37,0.0,EUR
Trader Republic,2026-02-06,AXON,Buy,1.0,350.4,0.0,EUR
Trader Republic,2026-02-06,AXON,Buy,1.0,349.4,0.0,EUR
Degiro,2026-02-09,AVGO,Buy,4.0,340.0,0.0,USD
Degiro,2026-02-24,AXON,Buy,2.0,374.1,0.0,EUR
Trader Republic,2026-02-24,AXON,Buy,2.0,374.1,0.0,EUR
Degiro,2026-02-26,MSFT,Buy,3.0,401.66,0.0,USD
Degiro,2026-02-26,AVGO,Buy,3.0,321.41,0.0,USD
Degiro,2026-02-26,NVDA,Buy,7.0,184.66,0.0,USD
Trader Republic,2026-03-02,CRWV,Buy,10.0,65.8,0.0,EUR
Degiro,2026-03-04,NU,Buy,100.0,15.09,0.0,USD
Degiro,2026-03-04,TWLO,Sell,9.0,122.0,0.0,USD
Degiro,2026-03-04,AXON,Sell,2.0,374.0,0.0,EUR
Degiro,2026-03-04,MELI,Buy,1.0,1785.0,0.0,USD
Degiro,2026-03-16,ADYEN.AS,Sell,2.0,910.4,0.0,EUR
Trading212,2026-03-16,DDOG,Sell,16.0,126.57,0.0,USD
Degiro,2026-03-16,SE,Sell,42.0,87.38,0.0,USD
Degiro,2026-03-16,V,Sell,12.0,309.7,0.0,USD
Degiro,2026-03-16,NU,Buy,170.0,14.3,0.0,USD
Trader Republic,2026-03-17,AXON,Buy,2.0,440.1,0.0,EUR
Trader Republic,2026-03-17,MU,Buy,3.0,396.2,0.0,EUR
Trader Republic,2026-03-17,NOW,Buy,10.0,102.76,0.0,EUR
Trader Republic,2026-03-17,UBER,Sell,30.5,67.78,0.0,EUR
Trader Republic,2026-03-27,NOW,Buy,11.0,86.77,0.0,EUR
Degiro,2026-03-27,META,Buy,4.0,525.58,0.0,USD
Degiro,2026-03-27,GOOGL,Buy,5.0,274.345,0.0,USD
Degiro,2026-03-27,AMZN,Buy,5.0,199.4,0.0,USD
Trading212,2026-03-27,CRWD,Buy,4.0,369.63,0.0,USD
